{"cameraMode":{"drawMode":0,"name":"Shaded","section":"Shading Mode"},"sceneLighting":false,"audioPlay":false,"sceneViewState":{"m_AlwaysRefresh":false,"showFog":false,"showSkybox":false,"showFlares":false,"showImageEffects":false,"showParticleSystems":false,"showVisualEffectGraphs":true,"m_FxEnabled":true},"in2DMode":false,"pivot":{"x":-0.00019276142120361328,"y":1.3324685096740723,"z":0.04255911707878113},"rotation":{"x":0.18605560064315797,"y":0.3375718295574188,"z":-0.06825346499681473,"w":0.9202033281326294},"size":2.2159104347229006,"orthographic":false}