{"cameraMode":{"drawMode":0,"name":"Shaded","section":"Shading Mode"},"sceneLighting":false,"audioPlay":false,"sceneViewState":{"m_AlwaysRefresh":false,"showFog":true,"showSkybox":false,"showFlares":true,"showImageEffects":true,"showParticleSystems":true,"showVisualEffectGraphs":true,"m_FxEnabled":true},"in2DMode":false,"pivot":{"x":63.19999694824219,"y":11.899999618530274,"z":-44.400001525878909},"rotation":{"x":0.36429569125175478,"y":0.009778204374015332,"z":-0.0038252435624599458,"w":0.9312238097190857},"size":9.797958374023438,"orthographic":false}