{"cameraMode":{"drawMode":0,"name":"Shaded","section":"Shading Mode"},"sceneLighting":false,"audioPlay":false,"sceneViewState":{"m_AlwaysRefresh":false,"showFog":true,"showSkybox":false,"showFlares":true,"showImageEffects":true,"showParticleSystems":true,"showVisualEffectGraphs":true,"m_FxEnabled":true},"in2DMode":false,"pivot":{"x":20.229999542236329,"y":15.068305969238282,"z":-0.10000000894069672},"rotation":{"x":-0.0004716186667792499,"y":-0.984592616558075,"z":0.17490671575069428,"w":-0.002666628686711192},"size":8.060992240905762,"orthographic":false}