{"cameraMode":{"drawMode":0,"name":"Shaded","section":"Shading Mode"},"sceneLighting":true,"audioPlay":false,"sceneViewState":{"m_AlwaysRefresh":false,"showFog":true,"showSkybox":true,"showFlares":true,"showImageEffects":true,"showParticleSystems":true,"showVisualEffectGraphs":true,"m_FxEnabled":true},"in2DMode":false,"pivot":{"x":-85.57689666748047,"y":9.995901107788086,"z":-53.889617919921878},"rotation":{"x":-0.023484572768211366,"y":0.9634414315223694,"z":-0.08985213190317154,"w":-0.25145629048347475},"size":17.653165817260743,"orthographic":false}