{"cameraMode":{"drawMode":0,"name":"Shaded","section":"Shading Mode"},"sceneLighting":true,"audioPlay":false,"sceneViewState":{"m_AlwaysRefresh":false,"showFog":true,"showSkybox":true,"showFlares":true,"showImageEffects":true,"showParticleSystems":true,"showVisualEffectGraphs":true,"m_FxEnabled":true},"in2DMode":false,"pivot":{"x":-6.61043119430542,"y":20.531368255615236,"z":-46.771766662597659},"rotation":{"x":0.30124619603157046,"y":-0.0022866460494697096,"z":0.00072235002880916,"w":0.953544020652771},"size":79.97608184814453,"orthographic":false}