{"cameraMode":{"drawMode":0,"name":"Shaded","section":"Shading Mode"},"sceneLighting":true,"audioPlay":false,"sceneViewState":{"m_AlwaysRefresh":false,"showFog":true,"showSkybox":true,"showFlares":true,"showImageEffects":true,"showParticleSystems":true,"showVisualEffectGraphs":true,"m_FxEnabled":true},"in2DMode":false,"pivot":{"x":-4.8952226638793949,"y":25.746170043945314,"z":18.767772674560548},"rotation":{"x":0.14381377398967744,"y":-0.02646826207637787,"z":0.0036361475940793754,"w":0.9896014332771301},"size":86.23946380615235,"orthographic":false}