{"cameraMode":{"drawMode":0,"name":"Shaded","section":"Shading Mode"},"sceneLighting":true,"audioPlay":false,"sceneViewState":{"m_AlwaysRefresh":false,"showFog":true,"showSkybox":true,"showFlares":true,"showImageEffects":true,"showParticleSystems":true,"showVisualEffectGraphs":true,"m_FxEnabled":true},"in2DMode":false,"pivot":{"x":1.7910574674606324,"y":121.38507080078125,"z":-162.01564025878907},"rotation":{"x":-0.2906776964664459,"y":-0.0028934171423316,"z":0.0008072122000157833,"w":-0.956915557384491},"size":1.0836272239685059,"orthographic":false}