{"cameraMode":{"drawMode":0,"name":"Shaded","section":"Shading Mode"},"sceneLighting":true,"audioPlay":false,"sceneViewState":{"m_AlwaysRefresh":false,"showFog":true,"showSkybox":true,"showFlares":true,"showImageEffects":true,"showParticleSystems":true,"showVisualEffectGraphs":true,"m_FxEnabled":true},"in2DMode":false,"pivot":{"x":20.020278930664064,"y":29.05829620361328,"z":-28.391128540039064},"rotation":{"x":0.18532782793045045,"y":-0.1613302081823349,"z":0.030858660116791726,"w":0.9688672423362732},"size":89.05876159667969,"orthographic":false}