{"cameraMode":{"drawMode":0,"name":"Shaded","section":"Shading Mode"},"sceneLighting":true,"audioPlay":false,"sceneViewState":{"m_AlwaysRefresh":false,"showFog":true,"showSkybox":true,"showFlares":true,"showImageEffects":true,"showParticleSystems":true,"showVisualEffectGraphs":true,"m_FxEnabled":true},"in2DMode":false,"pivot":{"x":8.94478702545166,"y":4.362419128417969,"z":13.151118278503418},"rotation":{"x":0.14381377398967744,"y":-0.02646826207637787,"z":0.0036361475940793754,"w":0.9896014332771301},"size":66.22291564941406,"orthographic":false}