{"cameraMode":{"drawMode":0,"name":"Shaded","section":"Shading Mode"},"sceneLighting":true,"audioPlay":false,"sceneViewState":{"m_AlwaysRefresh":false,"showFog":true,"showSkybox":true,"showFlares":true,"showImageEffects":true,"showParticleSystems":true,"showVisualEffectGraphs":true,"m_FxEnabled":true},"in2DMode":false,"pivot":{"x":-4.302067756652832,"y":28.743465423583986,"z":16.098556518554689},"rotation":{"x":0.06897498667240143,"y":-0.9068493843078613,"z":0.16361528635025025,"w":0.38232192397117617},"size":44.40507888793945,"orthographic":false}