{"cameraMode":{"drawMode":0,"name":"Shaded","section":"Shading Mode"},"sceneLighting":true,"audioPlay":false,"sceneViewState":{"m_AlwaysRefresh":false,"showFog":true,"showSkybox":true,"showFlares":true,"showImageEffects":true,"showParticleSystems":true,"showVisualEffectGraphs":true,"m_FxEnabled":true},"in2DMode":false,"pivot":{"x":84.70445251464844,"y":13.340457916259766,"z":-17.878150939941408},"rotation":{"x":0.20265722274780274,"y":-0.5093362927436829,"z":0.12481217086315155,"w":0.8270252346992493},"size":22.52083396911621,"orthographic":false}