{"cameraMode":{"drawMode":0,"name":"Shaded","section":"Shading Mode"},"sceneLighting":false,"audioPlay":false,"sceneViewState":{"m_AlwaysRefresh":false,"showFog":true,"showSkybox":false,"showFlares":true,"showImageEffects":true,"showParticleSystems":true,"showVisualEffectGraphs":true,"m_FxEnabled":true},"in2DMode":false,"pivot":{"x":20.204627990722658,"y":15.146088600158692,"z":-0.0000015497207641601563},"rotation":{"x":-0.009313570335507393,"y":0.00480401748791337,"z":0.0002431299799354747,"w":-1.0003021955490113},"size":8.184327125549317,"orthographic":false}